구분,원문,뜻
문장,as sweet and nourishing as fresh summer corn,갓 딴 여름 옥수수처럼 달콤하고 영양이 풍부한
문장,the book begs to be read aloud,그 책은 소리 내어 읽어달라고 조르는 것 같다
문장,now and then,"가끔, 이따금"
문장,a funeral was held in lieu of graduation,졸업식 대신 장례식이 열렸다
문장,held in lieu of,~ 대신 열린 / ~ 대신 거행된
문장,although his teeth are crooked and his lower ones are slanted back—as if someone had once punched them in—when he smiles it's as if you'd just told him the first joke on earth.,"비록 그의 이는 삐뚤삐뚤하고 아랫니는 마치 누군가 한 대 쳐서 밀어 넣기라도 한 것처럼 안쪽으로 기울어져 있지만, 그가 웃을 때면 마치 당신이 그에게 세상 최초의 농담을 방금 들려준 것 같은 표정이 된다."
문장,lindy to,린디(1930~40년대 유행한 스윙 춤)를 추다
문장,was coming long before that,그보다 훨씬 전부터 오고 있었다(다가오고 있었다)
문장,by this point,"이 무렵에는, 이 시점에 이르러서는"
문장,stunned by,"~에 충격을 받은, ~에 망연자실한"
문장,it took no notice at all,그것은 전혀 아랑곳하지 않았다
문장,put a scope up,내시경을 집어넣다
문장,his rear end,그의 엉덩이(항문 쪽)
문장,of sort(s),"일종의, ~같은 것"
문장,purchased a cane,지팡이를 샀다
문장,no longer,더 이상 ~않다
단어,clarity,명료함
단어,acknowledge,인정하다
단어,multitude,"다수, 수많은 것들"
단어,thesis,논문
단어,shed,"(눈물·빛 등을) 흘리다, 내뿜다 / 헛간"
단어,lieu,"대신, 대용 (주로 in lieu of)"
단어,hesitation,"망설임, 주저"
단어,whisk,"휙 데려가다, 재빨리 움직이다 / 휘젓다, 거품기"
단어,thinning,"(머리숱이) 점점 적어지는, 성글어지는"
단어,tuft,"(머리카락·풀 등의) 다발, 뭉치"
단어,prominent,"눈에 띄는, 두드러진 / 저명한"
단어,conductor,지휘자 / (기차·버스의) 차장
단어,amphetamine,암페타민(중추신경 흥분제)
단어,commandeer / commandeered,"(강제로) 징발하다, 차지하다"
단어,labored,"(호흡 등이) 힘겨운, 거친 / 애써 일했다"
단어,injected,"주입했다, 주사했다"
단어,stumbled,"비틀거렸다, 발을 헛디뎠다"
단어,inexplicably,"설명할 수 없게, 영문 모르게"
단어,startling,"놀라운, 깜짝 놀라게 하는"
단어,meanwhile,"그동안에, 한편"
단어,intestine,"장, 창자"
단어,neurological,"신경학적인, 신경계의"
단어,zapped,"전기 자극을 가했다, 찌릿하게 했다"
단어,further,"더 이상의, 더 나아간"
단어,humid,"습한, 눅눅한"
단어,barely,"간신히, 가까스로 / 거의 ~않다"
단어,occur,"일어나다, 발생하다 / (생각이) 떠오르다"
단어,hobbled,절뚝거리며 걸었다
단어,assume,"추정하다, 가정하다 / (역할·책임을) 맡다"
단어,yet,"1) 아직 ~않다(부정문) 2) 벌써, 이제(의문문) 3) 그러나, 그런데도(역접) 4) 최상급 강조: the best film yet, yet another 5) 비교급 강조: yet more beautiful 6) have/be yet to: 아직 ~하지 않았다"
문장,intend on,"~할 작정이다, ~하려고 마음먹다"
문장,intent on,"~에 몰두한, ~하는 데 열중한 / ~하기로 작정한"
문장,tension of opposites,"대립되는 것들 사이의 긴장, 상반된 것의 팽팽한 줄다리기"
문장,nor,~도 또한 아니다 (neither A nor B)
문장,at all,전혀 (부정문) / 조금이라도
문장,each one of,"~의 하나하나 모두, 그중 각각"
문장,easy marker,점수를 후하게 주는 사람(교수)
문장,gift-bearing,"선물을 가져오는, 선물을 들고 오는"
단어,synonymous,"동의어의, ~와 같은 뜻인"
단어,contagious,"전염성의, 옮기 쉬운"
단어,astonish,깜짝 놀라게 하다
단어,pathetic,"한심한, 딱한 / 가엾은"
단어,presence,"존재, 있음 / 풍기는 기운, 존재감"
단어,pursue,"추구하다, 뒤쫓다"
단어,glance,"흘끗 봄, 흘끗 보다"
단어,haunt,(생각·기억이) 계속 따라다니며 괴롭히다 / (유령이) 출몰하다
단어,suffocate,"질식시키다, 숨이 막히다"
단어,squirm,"몸을 꿈틀거리다, 안절부절못하다"
단어,slob,"게으름뱅이, 지저분한 사람"
단어,enroll,"등록하다, 수강 신청하다"
단어,deferment,"(징집) 연기, 유예"
단어,suburb,"교외, 근교"
단어,suburban,"교외의, 근교의"
단어,glimpse,"흘끗 봄, 언뜻 보임"
단어,flanking,"양옆에 늘어선, 측면에 위치한"
단어,gaunt,"수척한, 여윈"
단어,fumbling,"더듬거리는, 서투르게 만지작거리는"
단어,plaid,격자무늬(의)
단어,flannel,플란넬(부드러운 모직·면직물)
단어,attendance,"출석, 참석"
단어,humility,겸손
단어,induce,"유도하다, 유발하다"
단어,dread,"두려움, 두려워하다"
단어,insidious,"서서히 퍼지는, 교활한"
단어,decay,"쇠퇴, 부패 / 썩다"
단어,dignity,"존엄, 품위"
단어,composure,"침착함, 평정심"
